<xml xmlns:o="urn:schemas-microsoft-com:office:office">
 <o:MainFile HRef="../EjerciciosHBaseFinal.html"/>
 <o:File HRef="themedata.thmx"/>
 <o:File HRef="image001.gif"/>
 <o:File HRef="image002.png"/>
 <o:File HRef="image003.gif"/>
 <o:File HRef="image004.png"/>
 <o:File HRef="image005.gif"/>
 <o:File HRef="image006.png"/>
 <o:File HRef="image007.gif"/>
 <o:File HRef="image008.png"/>
 <o:File HRef="image009.gif"/>
 <o:File HRef="image010.png"/>
 <o:File HRef="image011.gif"/>
 <o:File HRef="image012.png"/>
 <o:File HRef="image013.gif"/>
 <o:File HRef="image014.png"/>
 <o:File HRef="image015.gif"/>
 <o:File HRef="image016.png"/>
 <o:File HRef="image017.gif"/>
 <o:File HRef="image018.png"/>
 <o:File HRef="image019.gif"/>
 <o:File HRef="image020.png"/>
 <o:File HRef="image021.gif"/>
 <o:File HRef="image022.png"/>
 <o:File HRef="image023.gif"/>
 <o:File HRef="image024.png"/>
 <o:File HRef="image025.gif"/>
 <o:File HRef="image026.png"/>
 <o:File HRef="image027.gif"/>
 <o:File HRef="image028.png"/>
 <o:File HRef="image029.gif"/>
 <o:File HRef="image030.png"/>
 <o:File HRef="image031.gif"/>
 <o:File HRef="image032.png"/>
 <o:File HRef="image033.gif"/>
 <o:File HRef="image034.png"/>
 <o:File HRef="image035.gif"/>
 <o:File HRef="image036.png"/>
 <o:File HRef="image037.gif"/>
 <o:File HRef="image038.png"/>
 <o:File HRef="image039.gif"/>
 <o:File HRef="image040.png"/>
 <o:File HRef="image041.gif"/>
 <o:File HRef="image042.png"/>
 <o:File HRef="image043.gif"/>
 <o:File HRef="image044.png"/>
 <o:File HRef="image045.gif"/>
 <o:File HRef="image046.png"/>
 <o:File HRef="image047.gif"/>
 <o:File HRef="image048.png"/>
 <o:File HRef="image049.gif"/>
 <o:File HRef="image050.png"/>
 <o:File HRef="image051.gif"/>
 <o:File HRef="image052.png"/>
 <o:File HRef="image053.gif"/>
 <o:File HRef="image054.png"/>
 <o:File HRef="image055.gif"/>
 <o:File HRef="image056.png"/>
 <o:File HRef="image057.gif"/>
 <o:File HRef="image058.png"/>
 <o:File HRef="image059.gif"/>
 <o:File HRef="header.html"/>
 <o:File HRef="filelist.xml"/>
</xml>